Workbook

Sheet Master Tracker
A1: ID | B1: Topic | C1: Problem | D1: Difficulty | E1: Contest ROI | F1: Interview ROI | G1: Pattern | H1: Company | I1: NeetCode | J1: Blind75 | K1: Target(min) | L1: Status | M1: Attempts | N1: Actual(min) | O1: First Solve | P1: R+3 | Q1: R+7 | R1: R+21 | S1: R+45 | T1: Explain(1-5) | U1: Mistake Tag | V1: Notes
A2: 1 | B2: Arrays | C2: Two Sum | D2: Easy | E2: ★★★★★ | F2: ★★★★★ | G2: Arrays | H2: All | I2: Yes | J2: Yes | K2: 15 | L2: Not Started | M2: 0 | P2: =IF(O2="","",O2+3) | Q2: =IF(O2="","",O2+7) | R2: =IF(O2="","",O2+21) | S2: =IF(O2="","",O2+45) | T2: 0
A3: 2 | B3: Arrays | C3: Group Anagrams | D3: Easy | E3: ★★★★★ | F3: ★★★★★ | G3: Arrays | H3: General | I3: Yes | K3: 15 | L3: Not Started | M3: 0 | P3: =IF(O3="","",O3+3) | Q3: =IF(O3="","",O3+7) | R3: =IF(O3="","",O3+21) | S3: =IF(O3="","",O3+45) | T3: 0
A4: 3 | B4: Arrays | C4: Top K Frequent | D4: Easy | E4: ★★★★★ | F4: ★★★★★ | G4: Arrays | H4: General | I4: Yes | K4: 15 | L4: Not Started | M4: 0 | P4: =IF(O4="","",O4+3) | Q4: =IF(O4="","",O4+7) | R4: =IF(O4="","",O4+21) | S4: =IF(O4="","",O4+45) | T4: 0
A5: 4 | B5: Arrays | C5: Product of Array Except Self | D5: Easy | E5: ★★★★★ | F5: ★★★★★ | G5: Arrays | H5: General | I5: Yes | K5: 15 | L5: Not Started | M5: 0 | P5: =IF(O5="","",O5+3) | Q5: =IF(O5="","",O5+7) | R5: =IF(O5="","",O5+21) | S5: =IF(O5="","",O5+45) | T5: 0
A6: 5 | B6: Arrays | C6: Longest Consecutive Sequence | D6: Easy | E6: ★★★★★ | F6: ★★★★★ | G6: Arrays | H6: General | I6: Yes | K6: 15 | L6: Not Started | M6: 0 | P6: =IF(O6="","",O6+3) | Q6: =IF(O6="","",O6+7) | R6: =IF(O6="","",O6+21) | S6: =IF(O6="","",O6+45) | T6: 0
A7: 6 | B7: Arrays | C7: Subarray Sum Equals K | D7: Easy | E7: ★★★★★ | F7: ★★★★★ | G7: Arrays | H7: General | I7: Yes | K7: 15 | L7: Not Started | M7: 0 | P7: =IF(O7="","",O7+3) | Q7: =IF(O7="","",O7+7) | R7: =IF(O7="","",O7+21) | S7: =IF(O7="","",O7+45) | T7: 0
A8: 7 | B8: Arrays | C8: Arrays Practice 7 | D8: Easy | E8: ★★★☆☆ | F8: ★★★☆☆ | G8: Arrays | H8: General | K8: 15 | L8: Not Started | M8: 0 | P8: =IF(O8="","",O8+3) | Q8: =IF(O8="","",O8+7) | R8: =IF(O8="","",O8+21) | S8: =IF(O8="","",O8+45) | T8: 0
A9: 8 | B9: Arrays | C9: Arrays Practice 8 | D9: Easy | E9: ★★★☆☆ | F9: ★★★☆☆ | G9: Arrays | H9: General | K9: 15 | L9: Not Started | M9: 0 | P9: =IF(O9="","",O9+3) | Q9: =IF(O9="","",O9+7) | R9: =IF(O9="","",O9+21) | S9: =IF(O9="","",O9+45) | T9: 0
A10: 9 | B10: Arrays | C10: Arrays Practice 9 | D10: Medium | E10: ★★★☆☆ | F10: ★★★☆☆ | G10: Arrays | H10: General | K10: 30 | L10: Not Started | M10: 0 | P10: =IF(O10="","",O10+3) | Q10: =IF(O10="","",O10+7) | R10: =IF(O10="","",O10+21) | S10: =IF(O10="","",O10+45) | T10: 0
A11: 10 | B11: Arrays | C11: Arrays Practice 10 | D11: Medium | E11: ★★★☆☆ | F11: ★★★☆☆ | G11: Arrays | H11: General | K11: 30 | L11: Not Started | M11: 0 | P11: =IF(O11="","",O11+3) | Q11: =IF(O11="","",O11+7) | R11: =IF(O11="","",O11+21) | S11: =IF(O11="","",O11+45) | T11: 0
A12: 11 | B12: Arrays | C12: Arrays Practice 11 | D12: Medium | E12: ★★★☆☆ | F12: ★★★☆☆ | G12: Arrays | H12: General | K12: 30 | L12: Not Started | M12: 0 | P12: =IF(O12="","",O12+3) | Q12: =IF(O12="","",O12+7) | R12: =IF(O12="","",O12+21) | S12: =IF(O12="","",O12+45) | T12: 0
A13: 12 | B13: Arrays | C13: Arrays Practice 12 | D13: Medium | E13: ★★★☆☆ | F13: ★★★☆☆ | G13: Arrays | H13: General | K13: 30 | L13: Not Started | M13: 0 | P13: =IF(O13="","",O13+3) | Q13: =IF(O13="","",O13+7) | R13: =IF(O13="","",O13+21) | S13: =IF(O13="","",O13+45) | T13: 0
A14: 13 | B14: Arrays | C14: Arrays Practice 13 | D14: Medium | E14: ★★★☆☆ | F14: ★★★☆☆ | G14: Arrays | H14: General | K14: 30 | L14: Not Started | M14: 0 | P14: =IF(O14="","",O14+3) | Q14: =IF(O14="","",O14+7) | R14: =IF(O14="","",O14+21) | S14: =IF(O14="","",O14+45) | T14: 0
A15: 14 | B15: Arrays | C15: Arrays Practice 14 | D15: Medium | E15: ★★★☆☆ | F15: ★★★☆☆ | G15: Arrays | H15: General | K15: 30 | L15: Not Started | M15: 0 | P15: =IF(O15="","",O15+3) | Q15: =IF(O15="","",O15+7) | R15: =IF(O15="","",O15+21) | S15: =IF(O15="","",O15+45) | T15: 0
A16: 15 | B16: Arrays | C16: Arrays Practice 15 | D16: Medium | E16: ★★★☆☆ | F16: ★★★☆☆ | G16: Arrays | H16: General | K16: 30 | L16: Not Started | M16: 0 | P16: =IF(O16="","",O16+3) | Q16: =IF(O16="","",O16+7) | R16: =IF(O16="","",O16+21) | S16: =IF(O16="","",O16+45) | T16: 0
A17: 16 | B17: Arrays | C17: Arrays Practice 16 | D17: Medium | E17: ★★★☆☆ | F17: ★★★☆☆ | G17: Arrays | H17: General | K17: 30 | L17: Not Started | M17: 0 | P17: =IF(O17="","",O17+3) | Q17: =IF(O17="","",O17+7) | R17: =IF(O17="","",O17+21) | S17: =IF(O17="","",O17+45) | T17: 0
A18: 17 | B18: Arrays | C18: Arrays Practice 17 | D18: Medium | E18: ★★★☆☆ | F18: ★★★☆☆ | G18: Arrays | H18: General | K18: 30 | L18: Not Started | M18: 0 | P18: =IF(O18="","",O18+3) | Q18: =IF(O18="","",O18+7) | R18: =IF(O18="","",O18+21) | S18: =IF(O18="","",O18+45) | T18: 0
A19: 18 | B19: Arrays | C19: Arrays Practice 18 | D19: Medium | E19: ★★★☆☆ | F19: ★★★☆☆ | G19: Arrays | H19: General | K19: 30 | L19: Not Started | M19: 0 | P19: =IF(O19="","",O19+3) | Q19: =IF(O19="","",O19+7) | R19: =IF(O19="","",O19+21) | S19: =IF(O19="","",O19+45) | T19: 0
... A26: 25 | B26: Arrays | C26: Arrays Practice 25 | D26: Hard | E26: ★★★☆☆ | F26: ★★★☆☆ | G26: Arrays | H26: General | K26: 40 | L26: Not Started | M26: 0 | P26: =IF(O26="","",O26+3) | Q26: =IF(O26="","",O26+7) | R26: =IF(O26="","",O26+21) | S26: =IF(O26="","",O26+45) | T26: 0
A27: 26 | B27: Two Pointers | C27: 3Sum | D27: Easy | E27: ★★★★★ | F27: ★★★★★ | G27: Two Pointers | H27: Meta/Google | I27: Yes | J27: Yes | K27: 15 | L27: Not Started | M27: 0 | P27: =IF(O27="","",O27+3) | Q27: =IF(O27="","",O27+7) | R27: =IF(O27="","",O27+21) | S27: =IF(O27="","",O27+45) | T27: 0
A28: 27 | B28: Two Pointers | C28: Container With Most Water | D28: Easy | E28: ★★★★★ | F28: ★★★★★ | G28: Two Pointers | H28: General | I28: Yes | K28: 15 | L28: Not Started | M28: 0 | P28: =IF(O28="","",O28+3) | Q28: =IF(O28="","",O28+7) | R28: =IF(O28="","",O28+21) | S28: =IF(O28="","",O28+45) | T28: 0
A29: 28 | B29: Two Pointers | C29: Longest Substring Without Repeating Characters | D29: Easy | E29: ★★★★★ | F29: ★★★★★ | G29: Two Pointers | H29: General | I29: Yes | J29: Yes | K29: 15 | L29: Not Started | M29: 0 | P29: =IF(O29="","",O29+3) | Q29: =IF(O29="","",O29+7) | R29: =IF(O29="","",O29+21) | S29: =IF(O29="","",O29+45) | T29: 0
A30: 29 | B30: Two Pointers | C30: Character Replacement | D30: Easy | E30: ★★★★★ | F30: ★★★★★ | G30: Two Pointers | H30: General | I30: Yes | K30: 15 | L30: Not Started | M30: 0 | P30: =IF(O30="","",O30+3) | Q30: =IF(O30="","",O30+7) | R30: =IF(O30="","",O30+21) | S30: =IF(O30="","",O30+45) | T30: 0
A31: 30 | B31: Two Pointers | C31: Minimum Window Substring | D31: Easy | E31: ★★★★★ | F31: ★★★★★ | G31: Two Pointers | H31: General | I31: Yes | K31: 15 | L31: Not Started | M31: 0 | P31: =IF(O31="","",O31+3) | Q31: =IF(O31="","",O31+7) | R31: =IF(O31="","",O31+21) | S31: =IF(O31="","",O31+45) | T31: 0
A32: 31 | B32: Two Pointers | C32: Sliding Window Maximum | D32: Easy | E32: ★★★★★ | F32: ★★★★★ | G32: Two Pointers | H32: General | I32: Yes | K32: 15 | L32: Not Started | M32: 0 | P32: =IF(O32="","",O32+3) | Q32: =IF(O32="","",O32+7) | R32: =IF(O32="","",O32+21) | S32: =IF(O32="","",O32+45) | T32: 0
A33: 32 | B33: Two Pointers | C33: Trapping Rain Water | D33: Easy | E33: ★★★★★ | F33: ★★★★★ | G33: Two Pointers | H33: General | I33: Yes | K33: 15 | L33: Not Started | M33: 0 | P33: =IF(O33="","",O33+3) | Q33: =IF(O33="","",O33+7) | R33: =IF(O33="","",O33+21) | S33: =IF(O33="","",O33+45) | T33: 0
A34: 33 | B34: Two Pointers | C34: Two Pointers Practice 8 | D34: Easy | E34: ★★★☆☆ | F34: ★★★☆☆ | G34: Two Pointers | H34: General | K34: 15 | L34: Not Started | M34: 0 | P34: =IF(O34="","",O34+3) | Q34: =IF(O34="","",O34+7) | R34: =IF(O34="","",O34+21) | S34: =IF(O34="","",O34+45) | T34: 0
A35: 34 | B35: Two Pointers | C35: Two Pointers Practice 9 | D35: Medium | E35: ★★★☆☆ | F35: ★★★☆☆ | G35: Two Pointers | H35: General | K35: 30 | L35: Not Started | M35: 0 | P35: =IF(O35="","",O35+3) | Q35: =IF(O35="","",O35+7) | R35: =IF(O35="","",O35+21) | S35: =IF(O35="","",O35+45) | T35: 0
A36: 35 | B36: Two Pointers | C36: Two Pointers Practice 10 | D36: Medium | E36: ★★★☆☆ | F36: ★★★☆☆ | G36: Two Pointers | H36: General | K36: 30 | L36: Not Started | M36: 0 | P36: =IF(O36="","",O36+3) | Q36: =IF(O36="","",O36+7) | R36: =IF(O36="","",O36+21) | S36: =IF(O36="","",O36+45) | T36: 0
A37: 36 | B37: Two Pointers | C37: Two Pointers Practice 11 | D37: Medium | E37: ★★★☆☆ | F37: ★★★☆☆ | G37: Two Pointers | H37: General | K37: 30 | L37: Not Started | M37: 0 | P37: =IF(O37="","",O37+3) | Q37: =IF(O37="","",O37+7) | R37: =IF(O37="","",O37+21) | S37: =IF(O37="","",O37+45) | T37: 0
A38: 37 | B38: Two Pointers | C38: Two Pointers Practice 12 | D38: Medium | E38: ★★★☆☆ | F38: ★★★☆☆ | G38: Two Pointers | H38: General | K38: 30 | L38: Not Started | M38: 0 | P38: =IF(O38="","",O38+3) | Q38: =IF(O38="","",O38+7) | R38: =IF(O38="","",O38+21) | S38: =IF(O38="","",O38+45) | T38: 0
A39: 38 | B39: Two Pointers | C39: Two Pointers Practice 13 | D39: Medium | E39: ★★★☆☆ | F39: ★★★☆☆ | G39: Two Pointers | H39: General | K39: 30 | L39: Not Started | M39: 0 | P39: =IF(O39="","",O39+3) | Q39: =IF(O39="","",O39+7) | R39: =IF(O39="","",O39+21) | S39: =IF(O39="","",O39+45) | T39: 0
A40: 39 | B40: Two Pointers | C40: Two Pointers Practice 14 | D40: Medium | E40: ★★★☆☆ | F40: ★★★☆☆ | G40: Two Pointers | H40: General | K40: 30 | L40: Not Started | M40: 0 | P40: =IF(O40="","",O40+3) | Q40: =IF(O40="","",O40+7) | R40: =IF(O40="","",O40+21) | S40: =IF(O40="","",O40+45) | T40: 0
A41: 40 | B41: Two Pointers | C41: Two Pointers Practice 15 | D41: Medium | E41: ★★★☆☆ | F41: ★★★☆☆ | G41: Two Pointers | H41: General | K41: 30 | L41: Not Started | M41: 0 | P41: =IF(O41="","",O41+3) | Q41: =IF(O41="","",O41+7) | R41: =IF(O41="","",O41+21) | S41: =IF(O41="","",O41+45) | T41: 0
A42: 41 | B42: Two Pointers | C42: Two Pointers Practice 16 | D42: Medium | E42: ★★★☆☆ | F42: ★★★☆☆ | G42: Two Pointers | H42: General | K42: 30 | L42: Not Started | M42: 0 | P42: =IF(O42="","",O42+3) | Q42: =IF(O42="","",O42+7) | R42: =IF(O42="","",O42+21) | S42: =IF(O42="","",O42+45) | T42: 0
A43: 42 | B43: Two Pointers | C43: Two Pointers Practice 17 | D43: Medium | E43: ★★★☆☆ | F43: ★★★☆☆ | G43: Two Pointers | H43: General | K43: 30 | L43: Not Started | M43: 0 | P43: =IF(O43="","",O43+3) | Q43: =IF(O43="","",O43+7) | R43: =IF(O43="","",O43+21) | S43: =IF(O43="","",O43+45) | T43: 0
A44: 43 | B44: Two Pointers | C44: Two Pointers Practice 18 | D44: Medium | E44: ★★★☆☆ | F44: ★★★☆☆ | G44: Two Pointers | H44: General | K44: 30 | L44: Not Started | M44: 0 | P44: =IF(O44="","",O44+3) | Q44: =IF(O44="","",O44+7) | R44: =IF(O44="","",O44+21) | S44: =IF(O44="","",O44+45) | T44: 0
A45: 44 | B45: Two Pointers | C45: Two Pointers Practice 19 | D45: Medium | E45: ★★★☆☆ | F45: ★★★☆☆ | G45: Two Pointers | H45: General | K45: 30 | L45: Not Started | M45: 0 | P45: =IF(O45="","",O45+3) | Q45: =IF(O45="","",O45+7) | R45: =IF(O45="","",O45+21) | S45: =IF(O45="","",O45+45) | T45: 0
... A51: 50 | B51: Two Pointers | C51: Two Pointers Practice 25 | D51: Hard | E51: ★★★☆☆ | F51: ★★★☆☆ | G51: Two Pointers | H51: General | K51: 40 | L51: Not Started | M51: 0 | P51: =IF(O51="","",O51+3) | Q51: =IF(O51="","",O51+7) | R51: =IF(O51="","",O51+21) | S51: =IF(O51="","",O51+45) | T51: 0
A52: 51 | B52: Binary Search | C52: Search in Rotated Sorted Array | D52: Easy | E52: ★★★★★ | F52: ★★★★★ | G52: Binary Search | H52: General | I52: Yes | K52: 15 | L52: Not Started | M52: 0 | P52: =IF(O52="","",O52+3) | Q52: =IF(O52="","",O52+7) | R52: =IF(O52="","",O52+21) | S52: =IF(O52="","",O52+45) | T52: 0
A53: 52 | B53: Binary Search | C53: Koko Eating Bananas | D53: Easy | E53: ★★★★★ | F53: ★★★★★ | G53: Binary Search | H53: Google/Uber | I53: Yes | K53: 15 | L53: Not Started | M53: 0 | P53: =IF(O53="","",O53+3) | Q53: =IF(O53="","",O53+7) | R53: =IF(O53="","",O53+21) | S53: =IF(O53="","",O53+45) | T53: 0
A54: 53 | B54: Binary Search | C54: Ship Packages Within D Days | D54: Easy | E54: ★★★★★ | F54: ★★★★★ | G54: Binary Search | H54: General | I54: Yes | K54: 15 | L54: Not Started | M54: 0 | P54: =IF(O54="","",O54+3) | Q54: =IF(O54="","",O54+7) | R54: =IF(O54="","",O54+21) | S54: =IF(O54="","",O54+45) | T54: 0
A55: 54 | B55: Binary Search | C55: Split Array Largest Sum | D55: Easy | E55: ★★★★★ | F55: ★★★★★ | G55: Binary Search | H55: General | I55: Yes | K55: 15 | L55: Not Started | M55: 0 | P55: =IF(O55="","",O55+3) | Q55: =IF(O55="","",O55+7) | R55: =IF(O55="","",O55+21) | S55: =IF(O55="","",O55+45) | T55: 0
A56: 55 | B56: Binary Search | C56: Find First and Last Position | D56: Easy | E56: ★★★★★ | F56: ★★★★★ | G56: Binary Search | H56: General | I56: Yes | K56: 15 | L56: Not Started | M56: 0 | P56: =IF(O56="","",O56+3) | Q56: =IF(O56="","",O56+7) | R56: =IF(O56="","",O56+21) | S56: =IF(O56="","",O56+45) | T56: 0
A57: 56 | B57: Binary Search | C57: Binary Search Practice 6 | D57: Easy | E57: ★★★☆☆ | F57: ★★★☆☆ | G57: Binary Search | H57: General | K57: 15 | L57: Not Started | M57: 0 | P57: =IF(O57="","",O57+3) | Q57: =IF(O57="","",O57+7) | R57: =IF(O57="","",O57+21) | S57: =IF(O57="","",O57+45) | T57: 0
A58: 57 | B58: Binary Search | C58: Binary Search Practice 7 | D58: Easy | E58: ★★★☆☆ | F58: ★★★☆☆ | G58: Binary Search | H58: General | K58: 15 | L58: Not Started | M58: 0 | P58: =IF(O58="","",O58+3) | Q58: =IF(O58="","",O58+7) | R58: =IF(O58="","",O58+21) | S58: =IF(O58="","",O58+45) | T58: 0
A59: 58 | B59: Binary Search | C59: Binary Search Practice 8 | D59: Easy | E59: ★★★☆☆ | F59: ★★★☆☆ | G59: Binary Search | H59: General | K59: 15 | L59: Not Started | M59: 0 | P59: =IF(O59="","",O59+3) | Q59: =IF(O59="","",O59+7) | R59: =IF(O59="","",O59+21) | S59: =IF(O59="","",O59+45) | T59: 0
A60: 59 | B60: Binary Search | C60: Binary Search Practice 9 | D60: Medium | E60: ★★★☆☆ | F60: ★★★☆☆ | G60: Binary Search | H60: General | K60: 30 | L60: Not Started | M60: 0 | P60: =IF(O60="","",O60+3) | Q60: =IF(O60="","",O60+7) | R60: =IF(O60="","",O60+21) | S60: =IF(O60="","",O60+45) | T60: 0
A61: 60 | B61: Binary Search | C61: Binary Search Practice 10 | D61: Medium | E61: ★★★☆☆ | F61: ★★★☆☆ | G61: Binary Search | H61: General | K61: 30 | L61: Not Started | M61: 0 | P61: =IF(O61="","",O61+3) | Q61: =IF(O61="","",O61+7) | R61: =IF(O61="","",O61+21) | S61: =IF(O61="","",O61+45) | T61: 0
A62: 61 | B62: Binary Search | C62: Binary Search Practice 11 | D62: Medium | E62: ★★★☆☆ | F62: ★★★☆☆ | G62: Binary Search | H62: General | K62: 30 | L62: Not Started | M62: 0 | P62: =IF(O62="","",O62+3) | Q62: =IF(O62="","",O62+7) | R62: =IF(O62="","",O62+21) | S62: =IF(O62="","",O62+45) | T62: 0
A63: 62 | B63: Binary Search | C63: Binary Search Practice 12 | D63: Medium | E63: ★★★☆☆ | F63: ★★★☆☆ | G63: Binary Search | H63: General | K63: 30 | L63: Not Started | M63: 0 | P63: =IF(O63="","",O63+3) | Q63: =IF(O63="","",O63+7) | R63: =IF(O63="","",O63+21) | S63: =IF(O63="","",O63+45) | T63: 0
A64: 63 | B64: Binary Search | C64: Binary Search Practice 13 | D64: Medium | E64: ★★★☆☆ | F64: ★★★☆☆ | G64: Binary Search | H64: General | K64: 30 | L64: Not Started | M64: 0 | P64: =IF(O64="","",O64+3) | Q64: =IF(O64="","",O64+7) | R64: =IF(O64="","",O64+21) | S64: =IF(O64="","",O64+45) | T64: 0
A65: 64 | B65: Binary Search | C65: Binary Search Practice 14 | D65: Medium | E65: ★★★☆☆ | F65: ★★★☆☆ | G65: Binary Search | H65: General | K65: 30 | L65: Not Started | M65: 0 | P65: =IF(O65="","",O65+3) | Q65: =IF(O65="","",O65+7) | R65: =IF(O65="","",O65+21) | S65: =IF(O65="","",O65+45) | T65: 0
A66: 65 | B66: Binary Search | C66: Binary Search Practice 15 | D66: Medium | E66: ★★★☆☆ | F66: ★★★☆☆ | G66: Binary Search | H66: General | K66: 30 | L66: Not Started | M66: 0 | P66: =IF(O66="","",O66+3) | Q66: =IF(O66="","",O66+7) | R66: =IF(O66="","",O66+21) | S66: =IF(O66="","",O66+45) | T66: 0
A67: 66 | B67: Binary Search | C67: Binary Search Practice 16 | D67: Medium | E67: ★★★☆☆ | F67: ★★★☆☆ | G67: Binary Search | H67: General | K67: 30 | L67: Not Started | M67: 0 | P67: =IF(O67="","",O67+3) | Q67: =IF(O67="","",O67+7) | R67: =IF(O67="","",O67+21) | S67: =IF(O67="","",O67+45) | T67: 0
A68: 67 | B68: Binary Search | C68: Binary Search Practice 17 | D68: Medium | E68: ★★★☆☆ | F68: ★★★☆☆ | G68: Binary Search | H68: General | K68: 30 | L68: Not Started | M68: 0 | P68: =IF(O68="","",O68+3) | Q68: =IF(O68="","",O68+7) | R68: =IF(O68="","",O68+21) | S68: =IF(O68="","",O68+45) | T68: 0
... A76: 75 | B76: Binary Search | C76: Binary Search Practice 25 | D76: Hard | E76: ★★★☆☆ | F76: ★★★☆☆ | G76: Binary Search | H76: General | K76: 40 | L76: Not Started | M76: 0 | P76: =IF(O76="","",O76+3) | Q76: =IF(O76="","",O76+7) | R76: =IF(O76="","",O76+21) | S76: =IF(O76="","",O76+45) | T76: 0
A77: 76 | B77: Prefix Sum | C77: Subarray Sum Equals K | D77: Easy | E77: ★★★★★ | F77: ★★★★★ | G77: Prefix Sum | H77: General | I77: Yes | K77: 15 | L77: Not Started | M77: 0 | P77: =IF(O77="","",O77+3) | Q77: =IF(O77="","",O77+7) | R77: =IF(O77="","",O77+21) | S77: =IF(O77="","",O77+45) | T77: 0
A78: 77 | B78: Prefix Sum | C78: Continuous Subarray Sum | D78: Easy | E78: ★★★★★ | F78: ★★★★★ | G78: Prefix Sum | H78: General | I78: Yes | K78: 15 | L78: Not Started | M78: 0 | P78: =IF(O78="","",O78+3) | Q78: =IF(O78="","",O78+7) | R78: =IF(O78="","",O78+21) | S78: =IF(O78="","",O78+45) | T78: 0
A79: 78 | B79: Prefix Sum | C79: Car Pooling | D79: Easy | E79: ★★★★★ | F79: ★★★★★ | G79: Prefix Sum | H79: General | I79: Yes | K79: 15 | L79: Not Started | M79: 0 | P79: =IF(O79="","",O79+3) | Q79: =IF(O79="","",O79+7) | R79: =IF(O79="","",O79+21) | S79: =IF(O79="","",O79+45) | T79: 0
A80: 79 | B80: Prefix Sum | C80: Prefix Sum Practice 4 | D80: Easy | E80: ★★★☆☆ | F80: ★★★☆☆ | G80: Prefix Sum | H80: General | K80: 15 | L80: Not Started | M80: 0 | P80: =IF(O80="","",O80+3) | Q80: =IF(O80="","",O80+7) | R80: =IF(O80="","",O80+21) | S80: =IF(O80="","",O80+45) | T80: 0
A81: 80 | B81: Prefix Sum | C81: Prefix Sum Practice 5 | D81: Easy | E81: ★★★☆☆ | F81: ★★★☆☆ | G81: Prefix Sum | H81: General | K81: 15 | L81: Not Started | M81: 0 | P81: =IF(O81="","",O81+3) | Q81: =IF(O81="","",O81+7) | R81: =IF(O81="","",O81+21) | S81: =IF(O81="","",O81+45) | T81: 0
A82: 81 | B82: Prefix Sum | C82: Prefix Sum Practice 6 | D82: Easy | E82: ★★★☆☆ | F82: ★★★☆☆ | G82: Prefix Sum | H82: General | K82: 15 | L82: Not Started | M82: 0 | P82: =IF(O82="","",O82+3) | Q82: =IF(O82="","",O82+7) | R82: =IF(O82="","",O82+21) | S82: =IF(O82="","",O82+45) | T82: 0
A83: 82 | B83: Prefix Sum | C83: Prefix Sum Practice 7 | D83: Easy | E83: ★★★☆☆ | F83: ★★★☆☆ | G83: Prefix Sum | H83: General | K83: 15 | L83: Not Started | M83: 0 | P83: =IF(O83="","",O83+3) | Q83: =IF(O83="","",O83+7) | R83: =IF(O83="","",O83+21) | S83: =IF(O83="","",O83+45) | T83: 0
A84: 83 | B84: Prefix Sum | C84: Prefix Sum Practice 8 | D84: Easy | E84: ★★★☆☆ | F84: ★★★☆☆ | G84: Prefix Sum | H84: General | K84: 15 | L84: Not Started | M84: 0 | P84: =IF(O84="","",O84+3) | Q84: =IF(O84="","",O84+7) | R84: =IF(O84="","",O84+21) | S84: =IF(O84="","",O84+45) | T84: 0
A85: 84 | B85: Prefix Sum | C85: Prefix Sum Practice 9 | D85: Medium | E85: ★★★☆☆ | F85: ★★★☆☆ | G85: Prefix Sum | H85: General | K85: 30 | L85: Not Started | M85: 0 | P85: =IF(O85="","",O85+3) | Q85: =IF(O85="","",O85+7) | R85: =IF(O85="","",O85+21) | S85: =IF(O85="","",O85+45) | T85: 0
A86: 85 | B86: Prefix Sum | C86: Prefix Sum Practice 10 | D86: Medium | E86: ★★★☆☆ | F86: ★★★☆☆ | G86: Prefix Sum | H86: General | K86: 30 | L86: Not Started | M86: 0 | P86: =IF(O86="","",O86+3) | Q86: =IF(O86="","",O86+7) | R86: =IF(O86="","",O86+21) | S86: =IF(O86="","",O86+45) | T86: 0
A87: 86 | B87: Prefix Sum | C87: Prefix Sum Practice 11 | D87: Medium | E87: ★★★☆☆ | F87: ★★★☆☆ | G87: Prefix Sum | H87: General | K87: 30 | L87: Not Started | M87: 0 | P87: =IF(O87="","",O87+3) | Q87: =IF(O87="","",O87+7) | R87: =IF(O87="","",O87+21) | S87: =IF(O87="","",O87+45) | T87: 0
A88: 87 | B88: Prefix Sum | C88: Prefix Sum Practice 12 | D88: Medium | E88: ★★★☆☆ | F88: ★★★☆☆ | G88: Prefix Sum | H88: General | K88: 30 | L88: Not Started | M88: 0 | P88: =IF(O88="","",O88+3) | Q88: =IF(O88="","",O88+7) | R88: =IF(O88="","",O88+21) | S88: =IF(O88="","",O88+45) | T88: 0
A89: 88 | B89: Prefix Sum | C89: Prefix Sum Practice 13 | D89: Medium | E89: ★★★☆☆ | F89: ★★★☆☆ | G89: Prefix Sum | H89: General | K89: 30 | L89: Not Started | M89: 0 | P89: =IF(O89="","",O89+3) | Q89: =IF(O89="","",O89+7) | R89: =IF(O89="","",O89+21) | S89: =IF(O89="","",O89+45) | T89: 0
A90: 89 | B90: Prefix Sum | C90: Prefix Sum Practice 14 | D90: Medium | E90: ★★★☆☆ | F90: ★★★☆☆ | G90: Prefix Sum | H90: General | K90: 30 | L90: Not Started | M90: 0 | P90: =IF(O90="","",O90+3) | Q90: =IF(O90="","",O90+7) | R90: =IF(O90="","",O90+21) | S90: =IF(O90="","",O90+45) | T90: 0
A91: 90 | B91: Prefix Sum | C91: Prefix Sum Practice 15 | D91: Medium | E91: ★★★☆☆ | F91: ★★★☆☆ | G91: Prefix Sum | H91: General | K91: 30 | L91: Not Started | M91: 0 | P91: =IF(O91="","",O91+3) | Q91: =IF(O91="","",O91+7) | R91: =IF(O91="","",O91+21) | S91: =IF(O91="","",O91+45) | T91: 0
... A101: 100 | B101: Prefix Sum | C101: Prefix Sum Practice 25 | D101: Hard | E101: ★★★☆☆ | F101: ★★★☆☆ | G101: Prefix Sum | H101: General | K101: 40 | L101: Not Started | M101: 0 | P101: =IF(O101="","",O101+3) | Q101: =IF(O101="","",O101+7) | R101: =IF(O101="","",O101+21) | S101: =IF(O101="","",O101+45) | T101: 0
A102: 101 | B102: Greedy | C102: Jump Game | D102: Easy | E102: ★★★★★ | F102: ★★★★★ | G102: Greedy | H102: General | I102: Yes | K102: 15 | L102: Not Started | M102: 0 | P102: =IF(O102="","",O102+3) | Q102: =IF(O102="","",O102+7) | R102: =IF(O102="","",O102+21) | S102: =IF(O102="","",O102+45) | T102: 0
A103: 102 | B103: Greedy | C103: Jump Game II | D103: Easy | E103: ★★★★★ | F103: ★★★★★ | G103: Greedy | H103: General | I103: Yes | K103: 15 | L103: Not Started | M103: 0 | P103: =IF(O103="","",O103+3) | Q103: =IF(O103="","",O103+7) | R103: =IF(O103="","",O103+21) | S103: =IF(O103="","",O103+45) | T103: 0
A104: 103 | B104: Greedy | C104: Gas Station | D104: Easy | E104: ★★★★★ | F104: ★★★★★ | G104: Greedy | H104: General | I104: Yes | K104: 15 | L104: Not Started | M104: 0 | P104: =IF(O104="","",O104+3) | Q104: =IF(O104="","",O104+7) | R104: =IF(O104="","",O104+21) | S104: =IF(O104="","",O104+45) | T104: 0
A105: 104 | B105: Greedy | C105: Partition Labels | D105: Easy | E105: ★★★★★ | F105: ★★★★★ | G105: Greedy | H105: General | I105: Yes | K105: 15 | L105: Not Started | M105: 0 | P105: =IF(O105="","",O105+3) | Q105: =IF(O105="","",O105+7) | R105: =IF(O105="","",O105+21) | S105: =IF(O105="","",O105+45) | T105: 0
A106: 105 | B106: Greedy | C106: Task Scheduler | D106: Easy | E106: ★★★★★ | F106: ★★★★★ | G106: Greedy | H106: General | I106: Yes | K106: 15 | L106: Not Started | M106: 0 | P106: =IF(O106="","",O106+3) | Q106: =IF(O106="","",O106+7) | R106: =IF(O106="","",O106+21) | S106: =IF(O106="","",O106+45) | T106: 0
A107: 106 | B107: Greedy | C107: Greedy Practice 6 | D107: Easy | E107: ★★★☆☆ | F107: ★★★☆☆ | G107: Greedy | H107: General | K107: 15 | L107: Not Started | M107: 0 | P107: =IF(O107="","",O107+3) | Q107: =IF(O107="","",O107+7) | R107: =IF(O107="","",O107+21) | S107: =IF(O107="","",O107+45) | T107: 0
A108: 107 | B108: Greedy | C108: Greedy Practice 7 | D108: Easy | E108: ★★★☆☆ | F108: ★★★☆☆ | G108: Greedy | H108: General | K108: 15 | L108: Not Started | M108: 0 | P108: =IF(O108="","",O108+3) | Q108: =IF(O108="","",O108+7) | R108: =IF(O108="","",O108+21) | S108: =IF(O108="","",O108+45) | T108: 0
A109: 108 | B109: Greedy | C109: Greedy Practice 8 | D109: Easy | E109: ★★★☆☆ | F109: ★★★☆☆ | G109: Greedy | H109: General | K109: 15 | L109: Not Started | M109: 0 | P109: =IF(O109="","",O109+3) | Q109: =IF(O109="","",O109+7) | R109: =IF(O109="","",O109+21) | S109: =IF(O109="","",O109+45) | T109: 0
A110: 109 | B110: Greedy | C110: Greedy Practice 9 | D110: Medium | E110: ★★★☆☆ | F110: ★★★☆☆ | G110: Greedy | H110: General | K110: 30 | L110: Not Started | M110: 0 | P110: =IF(O110="","",O110+3) | Q110: =IF(O110="","",O110+7) | R110: =IF(O110="","",O110+21) | S110: =IF(O110="","",O110+45) | T110: 0
A111: 110 | B111: Greedy | C111: Greedy Practice 10 | D111: Medium | E111: ★★★☆☆ | F111: ★★★☆☆ | G111: Greedy | H111: General | K111: 30 | L111: Not Started | M111: 0 | P111: =IF(O111="","",O111+3) | Q111: =IF(O111="","",O111+7) | R111: =IF(O111="","",O111+21) | S111: =IF(O111="","",O111+45) | T111: 0
A112: 111 | B112: Greedy | C112: Greedy Practice 11 | D112: Medium | E112: ★★★☆☆ | F112: ★★★☆☆ | G112: Greedy | H112: General | K112: 30 | L112: Not Started | M112: 0 | P112: =IF(O112="","",O112+3) | Q112: =IF(O112="","",O112+7) | R112: =IF(O112="","",O112+21) | S112: =IF(O112="","",O112+45) | T112: 0
A113: 112 | B113: Greedy | C113: Greedy Practice 12 | D113: Medium | E113: ★★★☆☆ | F113: ★★★☆☆ | G113: Greedy | H113: General | K113: 30 | L113: Not Started | M113: 0 | P113: =IF(O113="","",O113+3) | Q113: =IF(O113="","",O113+7) | R113: =IF(O113="","",O113+21) | S113: =IF(O113="","",O113+45) | T113: 0
A114: 113 | B114: Greedy | C114: Greedy Practice 13 | D114: Medium | E114: ★★★☆☆ | F114: ★★★☆☆ | G114: Greedy | H114: General | K114: 30 | L114: Not Started | M114: 0 | P114: =IF(O114="","",O114+3) | Q114: =IF(O114="","",O114+7) | R114: =IF(O114="","",O114+21) | S114: =IF(O114="","",O114+45) | T114: 0
A115: 114 | B115: Greedy | C115: Greedy Practice 14 | D115: Medium | E115: ★★★☆☆ | F115: ★★★☆☆ | G115: Greedy | H115: General | K115: 30 | L115: Not Started | M115: 0 | P115: =IF(O115="","",O115+3) | Q115: =IF(O115="","",O115+7) | R115: =IF(O115="","",O115+21) | S115: =IF(O115="","",O115+45) | T115: 0
A116: 115 | B116: Greedy | C116: Greedy Practice 15 | D116: Medium | E116: ★★★☆☆ | F116: ★★★☆☆ | G116: Greedy | H116: General | K116: 30 | L116: Not Started | M116: 0 | P116: =IF(O116="","",O116+3) | Q116: =IF(O116="","",O116+7) | R116: =IF(O116="","",O116+21) | S116: =IF(O116="","",O116+45) | T116: 0
A117: 116 | B117: Greedy | C117: Greedy Practice 16 | D117: Medium | E117: ★★★☆☆ | F117: ★★★☆☆ | G117: Greedy | H117: General | K117: 30 | L117: Not Started | M117: 0 | P117: =IF(O117="","",O117+3) | Q117: =IF(O117="","",O117+7) | R117: =IF(O117="","",O117+21) | S117: =IF(O117="","",O117+45) | T117: 0
A118: 117 | B118: Greedy | C118: Greedy Practice 17 | D118: Medium | E118: ★★★☆☆ | F118: ★★★☆☆ | G118: Greedy | H118: General | K118: 30 | L118: Not Started | M118: 0 | P118: =IF(O118="","",O118+3) | Q118: =IF(O118="","",O118+7) | R118: =IF(O118="","",O118+21) | S118: =IF(O118="","",O118+45) | T118: 0
... A126: 125 | B126: Greedy | C126: Greedy Practice 25 | D126: Hard | E126: ★★★☆☆ | F126: ★★★☆☆ | G126: Greedy | H126: General | K126: 40 | L126: Not Started | M126: 0 | P126: =IF(O126="","",O126+3) | Q126: =IF(O126="","",O126+7) | R126: =IF(O126="","",O126+21) | S126: =IF(O126="","",O126+45) | T126: 0
A127: 126 | B127: Trees | C127: Diameter of Binary Tree | D127: Easy | E127: ★★★★★ | F127: ★★★★★ | G127: Trees | H127: Amazon | I127: Yes | K127: 15 | L127: Not Started | M127: 0 | P127: =IF(O127="","",O127+3) | Q127: =IF(O127="","",O127+7) | R127: =IF(O127="","",O127+21) | S127: =IF(O127="","",O127+45) | T127: 0
A128: 127 | B128: Trees | C128: Lowest Common Ancestor | D128: Easy | E128: ★★★★★ | F128: ★★★★★ | G128: Trees | H128: Google/Meta | I128: Yes | K128: 15 | L128: Not Started | M128: 0 | P128: =IF(O128="","",O128+3) | Q128: =IF(O128="","",O128+7) | R128: =IF(O128="","",O128+21) | S128: =IF(O128="","",O128+45) | T128: 0
A129: 128 | B129: Trees | C129: Level Order Traversal | D129: Easy | E129: ★★★★★ | F129: ★★★★★ | G129: Trees | H129: General | I129: Yes | K129: 15 | L129: Not Started | M129: 0 | P129: =IF(O129="","",O129+3) | Q129: =IF(O129="","",O129+7) | R129: =IF(O129="","",O129+21) | S129: =IF(O129="","",O129+45) | T129: 0
A130: 129 | B130: Trees | C130: Validate BST | D130: Easy | E130: ★★★★★ | F130: ★★★★★ | G130: Trees | H130: General | I130: Yes | K130: 15 | L130: Not Started | M130: 0 | P130: =IF(O130="","",O130+3) | Q130: =IF(O130="","",O130+7) | R130: =IF(O130="","",O130+21) | S130: =IF(O130="","",O130+45) | T130: 0
A131: 130 | B131: Trees | C131: House Robber III | D131: Easy | E131: ★★★★★ | F131: ★★★★★ | G131: Trees | H131: General | I131: Yes | K131: 15 | L131: Not Started | M131: 0 | P131: =IF(O131="","",O131+3) | Q131: =IF(O131="","",O131+7) | R131: =IF(O131="","",O131+21) | S131: =IF(O131="","",O131+45) | T131: 0
A132: 131 | B132: Trees | C132: Trees Practice 6 | D132: Easy | E132: ★★★☆☆ | F132: ★★★☆☆ | G132: Trees | H132: General | K132: 15 | L132: Not Started | M132: 0 | P132: =IF(O132="","",O132+3) | Q132: =IF(O132="","",O132+7) | R132: =IF(O132="","",O132+21) | S132: =IF(O132="","",O132+45) | T132: 0
A133: 132 | B133: Trees | C133: Trees Practice 7 | D133: Easy | E133: ★★★☆☆ | F133: ★★★☆☆ | G133: Trees | H133: General | K133: 15 | L133: Not Started | M133: 0 | P133: =IF(O133="","",O133+3) | Q133: =IF(O133="","",O133+7) | R133: =IF(O133="","",O133+21) | S133: =IF(O133="","",O133+45) | T133: 0
A134: 133 | B134: Trees | C134: Trees Practice 8 | D134: Easy | E134: ★★★☆☆ | F134: ★★★☆☆ | G134: Trees | H134: General | K134: 15 | L134: Not Started | M134: 0 | P134: =IF(O134="","",O134+3) | Q134: =IF(O134="","",O134+7) | R134: =IF(O134="","",O134+21) | S134: =IF(O134="","",O134+45) | T134: 0
...

Sheet Dashboard
A1: SDE-2 DSA OS (Final)
A2: Current Rating | B2: 1512 | D2: Topic | E2: Solved
A3: Goal | B3: 1800 | D3: Arrays | E3: =COUNTIFS('Master Tracker'!B:B,D3,'Master Tracker'!L:L,"Solved")+COUNTIFS('Master Tracker'!B:B,D3,'Master Tracker'!L:L,"Re-solved")
A4: Total Problems | B4: 250 | D4: Two Pointers | E4: =COUNTIFS('Master Tracker'!B:B,D4,'Master Tracker'!L:L,"Solved")+COUNTIFS('Master Tracker'!B:B,D4,'Master Tracker'!L:L,"Re-solved")
A5: Solved | B5: =COUNTIF('Master Tracker'!L:L,"Solved")+COUNTIF('Master Tracker'!L:L,"Re-solved") | D5: Binary Search | E5: =COUNTIFS('Master Tracker'!B:B,D5,'Master Tracker'!L:L,"Solved")+COUNTIFS('Master Tracker'!B:B,D5,'Master Tracker'!L:L,"Re-solved")
A6: Completion % | B6: =B5/B4 | D6: Prefix Sum | E6: =COUNTIFS('Master Tracker'!B:B,D6,'Master Tracker'!L:L,"Solved")+COUNTIFS('Master Tracker'!B:B,D6,'Master Tracker'!L:L,"Re-solved")
A7: High ROI Solved | B7: =COUNTIFS('Master Tracker'!E:E,"★★★★★",'Master Tracker'!L:L,"Solved")+COUNTIFS('Master Tracker'!E:E,"★★★★★",'Master Tracker'!L:L,"Re-solved") | D7: Greedy | E7: =COUNTIFS('Master Tracker'!B:B,D7,'Master Tracker'!L:L,"Solved")+COUNTIFS('Master Tracker'!B:B,D7,'Master Tracker'!L:L,"Re-solved")
A8: Avg Solve Time | B8: =AVERAGEIF('Master Tracker'!N:N,">0") | D8: Trees | E8: =COUNTIFS('Master Tracker'!B:B,D8,'Master Tracker'!L:L,"Solved")+COUNTIFS('Master Tracker'!B:B,D8,'Master Tracker'!L:L,"Re-solved")
D9: Heaps | E9: =COUNTIFS('Master Tracker'!B:B,D9,'Master Tracker'!L:L,"Solved")+COUNTIFS('Master Tracker'!B:B,D9,'Master Tracker'!L:L,"Re-solved")
D10: Graphs | E10: =COUNTIFS('Master Tracker'!B:B,D10,'Master Tracker'!L:L,"Solved")+COUNTIFS('Master Tracker'!B:B,D10,'Master Tracker'!L:L,"Re-solved")
D11: Dynamic Programming | E11: =COUNTIFS('Master Tracker'!B:B,D11,'Master Tracker'!L:L,"Solved")+COUNTIFS('Master Tracker'!B:B,D11,'Master Tracker'!L:L,"Re-solved")
D12: Bit Manipulation | E12: =COUNTIFS('Master Tracker'!B:B,D12,'Master Tracker'!L:L,"Solved")+COUNTIFS('Master Tracker'!B:B,D12,'Master Tracker'!L:L,"Re-solved")

Sheet Daily Planner
A1: Today's 90-Minute Plan
A3: Warm-up | B3: 1 Easy (15 min)
A4: Core | B4: 1 Medium (30 min)
A5: Stretch | B5: 1 Medium/Hard (30 min)
A6: Review | B6: 15 min spaced repetition

Sheet Contest Log
A1: Date | B1: Contest | C1: Rating Before | D1: Rating After | E1: Q1 | F1: Q2 | G1: Q3 | H1: Q4 | I1: Penalty | J1: Takeaway
C2: 1512
C3: =D2
C4: =D3
C5: =D4
C6: =D5
C7: =D6
C8: =D7
C9: =D8
C10: =D9
C11: =D10
C12: =D11
C13: =D12
C14: =D13
... C29: =D28

Sheet Company Focus
A1: Company | B1: Priority Topics | C1: Must-do Problems
A2: Amazon | B2: Arrays, Trees, Graphs | C2: Two Sum; Number of Islands; Diameter; Coin Change
A3: Google | B3: Binary Search, Graphs, DP | C3: Koko; LCA; LIS; Cheapest Flights
A4: Meta | B4: Arrays, Trees | C4: 3Sum; House Robber; LCA
A5: Microsoft | B5: Trees, Graphs | C5: Number of Islands; Course Schedule
A6: Uber | B6: Graphs, Heaps | C6: Network Delay; K Closest Points
A7: Atlassian | B7: Hash Maps, Graphs | C7: Course Schedule; Top K Frequent

Sheet Pattern Bible
A1: Pattern | B1: Recognition Cue | C1: Template | D1: Common Mistake
A2: Sliding Window | B2: Longest/Shortest subarray | C2: expand/shrink | D2: forget shrink
A3: Binary Search on Answer | B3: minimize/maximize | C3: while(low<high) | D3: mid update
A4: Prefix Sum | B4: subarray sum | C4: hash map | D4: missing sum=0
A5: DFS | B5: tree height/path | C5: postorder | D5: global state
A6: BFS | B6: shortest path | C6: queue | D6: late visited
A7: Heap | B7: top-k/stream | C7: priority_queue | D7: wrong heap
A8: Union Find | B8: connectivity | C8: parent/rank | D8: no compression
A9: DP | B9: optimal substructure | C9: state transition | D9: bad state

Sheet 12-Week Heatmap
A1: 84-Day Consistency Grid
B2: Mon | C2: Tue | D2: Wed | E2: Thu | F2: Fri | G2: Sat | H2: Sun
B3: 26 | C3: 27 | D3: 28 | E3: 29 | F3: 30 | G3: 31 | H3: 1
B4: 2 | C4: 3 | D4: 4 | E4: 5 | F4: 6 | G4: 7 | H4: 8
B5: 9 | C5: 10 | D5: 11 | E5: 12 | F5: 13 | G5: 14 | H5: 15
B6: 16 | C6: 17 | D6: 18 | E6: 19 | F6: 20 | G6: 21 | H6: 22
B7: 23 | C7: 24 | D7: 25 | E7: 26 | F7: 27 | G7: 28 | H7: 29
B8: 30 | C8: 1 | D8: 2 | E8: 3 | F8: 4 | G8: 5 | H8: 6
B9: 7 | C9: 8 | D9: 9 | E9: 10 | F9: 11 | G9: 12 | H9: 13
B10: 14 | C10: 15 | D10: 16 | E10: 17 | F10: 18 | G10: 19 | H10: 20
B11: 21 | C11: 22 | D11: 23 | E11: 24 | F11: 25 | G11: 26 | H11: 27
B12: 28 | C12: 29 | D12: 30 | E12: 31 | F12: 1 | G12: 2 | H12: 3
B13: 4 | C13: 5 | D13: 6 | E13: 7 | F13: 8 | G13: 9 | H13: 10
B14: 11 | C14: 12 | D14: 13 | E14: 14 | F14: 15 | G14: 16 | H14: 17

Sheet Interview Readiness
A1: Area | B1: Target | C1: Current (update monthly)
A2: Arrays | B2: 95
A3: Binary Search | B3: 90
A4: Graphs | B4: 85
A5: Trees | B5: 90
A6: DP | B6: 80
A7: Communication | B7: 90
A8: System Design | B8: 70
A9: LLD | B9: 70

Sheet 180-Day Roadmap
A1: Month | B1: Focus | C1: Goal
A2: 1 | B2: Arrays + Two Pointers | C2: Speed
A3: 2 | B3: Binary Search + Prefix Sum | C3: Pattern recognition
A4: 3 | B4: Trees + Heaps | C4: Implementation
A5: 4 | B5: Graphs + DP | C5: Interview mediums
A6: 5 | B6: Mixed + Company prep | C6: Mock interviews
A7: 6 | B7: Revision + Contests | C7: 1800-ready
